<?xml version = '1.0' encoding = 'UTF-8'?>
<TradingPartner hosted="true" id="tp_MyCompany" logoSO="/soa/b2b/seed/defaultSeededHostTpIcon.png" name="Nucor" version="12.1.3.0.0" xmlns="http://xmlns.oracle.com/integration/b2b/profile">
   <Identification id="ID1234" typeRef="/soa/b2b/types.xml#itype-Name" value="Nucor"/>
   <Identification id="Ide0A0D7D2C15070B12BD3000003F1FB010" typeRef="/soa/b2b/types.xml#itype-GroupIDQualifier" value="14"/>
   <Identification id="Ide0A0D7D2C15070B12BD5000003F1FB011" typeRef="/soa/b2b/types.xml#itype-GroupID" value="008254708GE"/>
   <Identification id="Ide0A0D7D2C15070B12BD6000003F1FB012" typeRef="/soa/b2b/types.xml#itype-GroupID" value="Nucor"/>
   <Identification id="Ide0A0D7D2C15070B12BD7000003F1FB013" typeRef="/soa/b2b/types.xml#itype-GroupIDQualifier" value="AS1"/>
   <DeliveryChannel ackMode="None" active="false" channelTypeRef="/soa/b2b/seed/channeltypes.xml#nlc" compressed="false" id="CHANNEL_z-1312228372374703111" internal="true" listening="false" name="JPMBankNCFNE_Nucor_PCARD_EBSDEV" responseMode="None" useGenericWSDL="false">
      <ExchangeProtocolRef exchangeProtocolRef="/soa/b2b/seed/protocol.xml#Generic-SFTP" id="EXCHG_PROTOCOL_REF_PJTBtMZ-7686870107951899146">
         <ParameterValue id="nw_param_val_RfpGp-6316960119661159743" parameterRef="/soa/b2b/seed/protocol.xml#gsftp-param-Identify-TP-by-delivery-channel" value="false"/>
      </ExchangeProtocolRef>
      <TransportProtocolRef id="TRANSPORT_PROTOCOL_REF_VLFRLN-2777199202051351711" transportProtocolRef="/soa/b2b/seed/protocol.xml#SFTP">
         <ParameterValue id="nw_param_val_k-7541094983146493006" parameterRef="/soa/b2b/seed/protocol.xml#sftp-param-host" value="brmkea210.bar.nucorsteel.local"/>
         <ParameterValue id="nw_param_val_M-7372505932731376497" parameterRef="/soa/b2b/seed/protocol.xml#sftp-param-port" value="22"/>
         <ParameterValue id="nw_param_val_vned8635171748315214495" parameterRef="/soa/b2b/seed/protocol.xml#sftp-param-polling_interval" value="5"/>
         <ParameterValue id="nw_param_val_p-2553724926448350018" parameterRef="/soa/b2b/seed/protocol.xml#sftp-param-folder" value="/ebs/inbound/NCFNE/PCARD"/>
         <ParameterValue id="nw_param_val_Acia-3916952432422805268" parameterRef="/soa/b2b/seed/protocol.xml#sftp-param-user" value="soasftp"/>
         <ParameterValue id="nw_param_val_woNE-7354771359626318251" parameterRef="/soa/b2b/seed/protocol.xml#sftp-param-password"/>
         <ParameterValue id="nw_param_val_RYBMa2852027730927348700" parameterRef="/soa/b2b/seed/protocol.xml#sftp-param-private_key" value="/home/oracle/.ssh/id_rsa"/>
         <ParameterValue id="nw_param_val_ndIi1747015836783039041" parameterRef="/soa/b2b/seed/protocol.xml#sftp-param-pass_phrase"/>
         <ParameterValue id="nw_param_val_DA3874148543020047095" parameterRef="/soa/b2b/seed/protocol.xml#sftp-param-use_proxy" value="false"/>
         <ParameterValue id="nw_param_val_LnSA-7041862010257426834" parameterRef="/soa/b2b/seed/protocol.xml#sftp-param-proxy_host"/>
         <ParameterValue id="nw_param_val_ADApqMe8968997325281457786" parameterRef="/soa/b2b/seed/protocol.xml#sftp-param-proxy_port"/>
         <ParameterValue id="nw_param_val_A3350751811794115429" parameterRef="/soa/b2b/seed/protocol.xml#sftp-param-proxy_user"/>
         <ParameterValue id="nw_param_val_djWZxr-7063625982758240628" parameterRef="/soa/b2b/seed/protocol.xml#sftp-param-proxy_password"/>
         <ParameterValue id="nw_param_val_c-7241117308340938320" parameterRef="/soa/b2b/seed/protocol.xml#sftp-param-MinimumAge"/>
         <ParameterValue id="nw_param_val_HsTfdYA-7017739028943827855" parameterRef="/soa/b2b/seed/protocol.xml#sftp-param-archive_dir"/>
         <ParameterValue id="nw_param_val_rrH-8025974957015730210" parameterRef="/soa/b2b/seed/protocol.xml#sftp-param-preserve_filename" value="true"/>
         <ParameterValue id="nw_param_val_zjd-5425776976649995903" parameterRef="/soa/b2b/seed/protocol.xml#sftp-param-marker" value="false"/>
         <ParameterValue id="nw_param_val_maVE-3993900923384994402" parameterRef="/soa/b2b/seed/protocol.xml#sftp-param-Sequencing" value="false"/>
         <ParameterValue id="nw_param_val_KqDvelr-7421964725216123072" parameterRef="/soa/b2b/seed/protocol.xml#sftp-param-copy_contents" value="false"/>
         <ParameterValue id="nw_param_val_K-4398927784168158202" parameterRef="/soa/b2b/seed/protocol.xml#sftp-param-filename_format"/>
         <ParameterValue id="nw_param_val_kcAgd5113116439195452477" parameterRef="/soa/b2b/seed/protocol.xml#sftp-param-directoryname_format"/>
         <ParameterValue id="nw_param_val_kPUmd2857118466726466609" parameterRef="/soa/b2b/seed/protocol.xml#sftp-param-filename_separator"/>
         <ParameterValue id="nw_param_val_zFtewBF-4827432615322634189" parameterRef="/soa/b2b/seed/protocol.xml#sftp-param-is_binary" value="false"/>
         <ParameterValue id="nw_param_val_zup7704027971962410061" parameterRef="/soa/b2b/seed/protocol.xml#sftp-param-tp_profile_name"/>
      </TransportProtocolRef>
      <DigitalSecurity ackSigned="false" id="DIGITAL_SECURITY_CSLnHD3368428185388645198" messageEncrypted="false" messageSigned="false" transportSecured="false"/>
   </DeliveryChannel>
   <SupportedDocumentDefinition docDefName="JPM_PCARD" docProtocolName="Custom" docProtocolVersion="1" docTypeName="PCARD" documentDefinitionRef="/soa/b2b/doc_Custom.xml#NewDefinition-KgjFz-3511739409367096874" id="SUPPORTED_DEFINITION_CUUYu4780204704568200933_1" initiator="false"/>
</TradingPartner>
