<?xml version='1.0' encoding='UTF-8'?>
<Agreement agreementId="JPMBank_Nucor_NCFNE_PCARD_1_001" id="tpa_gT-9000934384433570090" name="JPMBank_Nucor_NCFNE_PCARD_1_001" xmlns="http://xmlns.oracle.com/integration/b2b/profile">
   <SupportedDocumentType docDefName="JPM_PCARD" docProtocolName="Custom" docProtocolVersion="1" docTypeName="PCARD" documentDefinitionRef="/soa/b2b/doc_Custom.xml#NewDefinition-KgjFz-3511739409367096874" id="docdef_llm2747551894264047566">
      <InitiatingParticipant id="par_AuvGnRg-6036669048886957510" supportedDocumentDefinitionRef="/soa/b2b/tp_qgOHyO3689047871887149717.xml#SUPPORTED_DEFINITION_kFlikF-3801985278706775365_0" tradingPartnerRef="/soa/b2b/tp_qgOHyO3689047871887149717.xml#tp_qgOHyO3689047871887149717">
         <Identifications>
            <IdentificationRef id="idn_Rk-5104362942311483709" identificationRef="/soa/b2b/tp_qgOHyO3689047871887149717.xml#tpIden_A7744861633419654623" type="Name" value="JPMBankNCFNE"/>
         </Identifications>
         <DeliveryChannels/>
      </InitiatingParticipant>
      <RespondingParticipant id="par_iMaMwRr-7741506493029947042" supportedDocumentDefinitionRef="/soa/b2b/tp_MyCompany.xml#SUPPORTED_DEFINITION_CUUYu4780204704568200933_1" tradingPartnerRef="/soa/b2b/tp_MyCompany.xml#tp_MyCompany">
         <Identifications>
            <IdentificationRef id="idn_W8250208122388159588" identificationRef="/soa/b2b/tp_MyCompany.xml#ID1234" type="Name" value="Nucor"/>
         </Identifications>
         <DeliveryChannels>
            <DeliveryChannelRef deliveryChannelRef="/soa/b2b/tp_MyCompany.xml#CHANNEL_z-1312228372374703111" id="chnl_PGvHY5684259684009999986"/>
         </DeliveryChannels>
      </RespondingParticipant>
      <AgrDocTypeParameterValues>
         <ParameterValue id="nw_param_val_bZhEWF-5885281458462932346" parameterRef="/soa/b2b/seed/protocol.xml#custom-param-validate" value="false"/>
         <ParameterValue id="nw_param_val_kBZFtC49634111717845292" parameterRef="/soa/b2b/seed/protocol.xml#custom-param-translate" value="false"/>
         <ParameterValue id="nw_param_val_uqpf-5064109041415670539" parameterRef="/soa/b2b/seed/protocol.xml#custom-param-isSyncRespAgreement" value="false"/>
      </AgrDocTypeParameterValues>
   </SupportedDocumentType>
</Agreement>
