<?xml version = '1.0' encoding = 'UTF-8'?>
<TradingPartner hosted="true" id="tp_MyCompany" logoSO="/soa/b2b/seed/defaultSeededHostTpIcon.png" name="Nucor" version="12.1.3.0.0" xmlns="http://xmlns.oracle.com/integration/b2b/profile">
   <Identification id="ID1234" typeRef="/soa/b2b/types.xml#itype-Name" value="Nucor"/>
   <Identification id="Ide0A0D7D2C15070B12BD3000003F1FB010" typeRef="/soa/b2b/types.xml#itype-GroupIDQualifier" value="14"/>
   <Identification id="Ide0A0D7D2C15070B12BD5000003F1FB011" typeRef="/soa/b2b/types.xml#itype-GroupID" value="008254708GE"/>
   <Identification id="Ide0A0D7D2C15070B12BD6000003F1FB012" typeRef="/soa/b2b/types.xml#itype-GroupID" value="Nucor"/>
   <Identification id="Ide0A0D7D2C15070B12BD7000003F1FB013" typeRef="/soa/b2b/types.xml#itype-GroupIDQualifier" value="AS1"/>
   <DeliveryChannel ackMode="None" active="false" channelTypeRef="/soa/b2b/seed/channeltypes.xml#nlc" compressed="false" id="CHANNEL_FLOioo-8599782124365660274" internal="true" listening="false" name="JPMBankNSNE_Nucor_PCARD_EBSDEV" responseMode="None" useGenericWSDL="false">
      <ExchangeProtocolRef exchangeProtocolRef="/soa/b2b/seed/protocol.xml#Generic-SFTP" id="EXCHG_PROTOCOL_REF_E-8920338238863031530">
         <ParameterValue id="nw_param_val_YgOdhU8964331566878412037" parameterRef="/soa/b2b/seed/protocol.xml#gsftp-param-Identify-TP-by-delivery-channel" value="false"/>
      </ExchangeProtocolRef>
      <TransportProtocolRef id="TRANSPORT_PROTOCOL_REF_E7594165466894679038" transportProtocolRef="/soa/b2b/seed/protocol.xml#SFTP">
         <ParameterValue id="nw_param_val_x800434180168716100" parameterRef="/soa/b2b/seed/protocol.xml#sftp-param-host" value="brmkea210.bar.nucorsteel.local"/>
         <ParameterValue id="nw_param_val_KThWH7365229787960972102" parameterRef="/soa/b2b/seed/protocol.xml#sftp-param-port" value="22"/>
         <ParameterValue id="nw_param_val_KI-3245500793881066585" parameterRef="/soa/b2b/seed/protocol.xml#sftp-param-polling_interval" value="5"/>
         <ParameterValue id="nw_param_val_ba1541064588886581186" parameterRef="/soa/b2b/seed/protocol.xml#sftp-param-folder" value="/ebs/inbound/NSNE/PCARD/Txt"/>
         <ParameterValue id="nw_param_val_fSswPm-6274326792183337739" parameterRef="/soa/b2b/seed/protocol.xml#sftp-param-user" value="soasftp"/>
         <ParameterValue id="nw_param_val_P-1390496093237487083" parameterRef="/soa/b2b/seed/protocol.xml#sftp-param-password"/>
         <ParameterValue id="nw_param_val_OsrGaj342835645359411923" parameterRef="/soa/b2b/seed/protocol.xml#sftp-param-private_key" value="/home/oracle/.ssh/id_rsa"/>
         <ParameterValue id="nw_param_val_nDrbbRL5630289942537602530" parameterRef="/soa/b2b/seed/protocol.xml#sftp-param-pass_phrase"/>
         <ParameterValue id="nw_param_val_d4166210573129256589" parameterRef="/soa/b2b/seed/protocol.xml#sftp-param-use_proxy" value="false"/>
         <ParameterValue id="nw_param_val_m2068347280639263353" parameterRef="/soa/b2b/seed/protocol.xml#sftp-param-proxy_host"/>
         <ParameterValue id="nw_param_val_OpBd-6220837713788069638" parameterRef="/soa/b2b/seed/protocol.xml#sftp-param-proxy_port"/>
         <ParameterValue id="nw_param_val_UBwM-222600079937169907" parameterRef="/soa/b2b/seed/protocol.xml#sftp-param-proxy_user"/>
         <ParameterValue id="nw_param_val_bXux6558527810742456945" parameterRef="/soa/b2b/seed/protocol.xml#sftp-param-proxy_password"/>
         <ParameterValue id="nw_param_val_P-7282705312559253754" parameterRef="/soa/b2b/seed/protocol.xml#sftp-param-MinimumAge"/>
         <ParameterValue id="nw_param_val_mymyiBb-6190167023990637665" parameterRef="/soa/b2b/seed/protocol.xml#sftp-param-archive_dir"/>
         <ParameterValue id="nw_param_val_yHSbkV-2026946583626051247" parameterRef="/soa/b2b/seed/protocol.xml#sftp-param-preserve_filename" value="true"/>
         <ParameterValue id="nw_param_val_k5817913709252922430" parameterRef="/soa/b2b/seed/protocol.xml#sftp-param-marker" value="false"/>
         <ParameterValue id="nw_param_val_BBL-1827260873750476903" parameterRef="/soa/b2b/seed/protocol.xml#sftp-param-Sequencing" value="false"/>
         <ParameterValue id="nw_param_val_h-649481602982435616" parameterRef="/soa/b2b/seed/protocol.xml#sftp-param-copy_contents" value="false"/>
         <ParameterValue id="nw_param_val_OxE2365314307179824777" parameterRef="/soa/b2b/seed/protocol.xml#sftp-param-filename_format"/>
         <ParameterValue id="nw_param_val_um7058117701003528432" parameterRef="/soa/b2b/seed/protocol.xml#sftp-param-directoryname_format"/>
         <ParameterValue id="nw_param_val_P4780431125004296136" parameterRef="/soa/b2b/seed/protocol.xml#sftp-param-filename_separator"/>
         <ParameterValue id="nw_param_val_IA473244476258243976" parameterRef="/soa/b2b/seed/protocol.xml#sftp-param-is_binary" value="false"/>
         <ParameterValue id="nw_param_val_F-528107768296669599" parameterRef="/soa/b2b/seed/protocol.xml#sftp-param-tp_profile_name"/>
      </TransportProtocolRef>
      <DigitalSecurity ackSigned="false" id="DIGITAL_SECURITY_c7944272508102638037" messageEncrypted="false" messageSigned="false" transportSecured="false"/>
   </DeliveryChannel>
   <SupportedDocumentDefinition docDefName="JPM_PCARD" docProtocolName="Custom" docProtocolVersion="1" docTypeName="PCARD" documentDefinitionRef="/soa/b2b/doc_Custom.xml#NewDefinition-KgjFz-3511739409367096874" id="SUPPORTED_DEFINITION_CUUYu4780204704568200933_1" initiator="false"/>
</TradingPartner>
