<?xml version='1.0' encoding='UTF-8'?>
<Agreement agreementId="JPMBank_Nucor_NSNE_PCARD_1_001" id="tpa_QtmnnfU-5139057975773016704" name="JPMBank_Nucor_NSNE_PCARD_1_001" xmlns="http://xmlns.oracle.com/integration/b2b/profile">
   <SupportedDocumentType docDefName="JPM_PCARD" docProtocolName="Custom" docProtocolVersion="1" docTypeName="PCARD" documentDefinitionRef="/soa/b2b/doc_Custom.xml#NewDefinition-KgjFz-3511739409367096874" id="docdef_EXU1095493021056228717">
      <InitiatingParticipant id="par_Ao7866160602529256953" supportedDocumentDefinitionRef="/soa/b2b/tp_XcY-1161707962744324780.xml#SUPPORTED_DEFINITION_ENoILL7790085881993806599_0" tradingPartnerRef="/soa/b2b/tp_XcY-1161707962744324780.xml#tp_XcY-1161707962744324780">
         <Identifications>
            <IdentificationRef id="idn_X-8969539048487271531" identificationRef="/soa/b2b/tp_XcY-1161707962744324780.xml#tpIden_N-4058201101375622179" type="Name" value="JPMBankNSNE"/>
         </Identifications>
         <DeliveryChannels/>
      </InitiatingParticipant>
      <RespondingParticipant id="par_nMct4987820022571765452" supportedDocumentDefinitionRef="/soa/b2b/tp_MyCompany.xml#SUPPORTED_DEFINITION_CUUYu4780204704568200933_1" tradingPartnerRef="/soa/b2b/tp_MyCompany.xml#tp_MyCompany">
         <Identifications>
            <IdentificationRef id="idn_QxYcsqO71366379960736642" identificationRef="/soa/b2b/tp_MyCompany.xml#ID1234" type="Name" value="Nucor"/>
         </Identifications>
         <DeliveryChannels>
            <DeliveryChannelRef deliveryChannelRef="/soa/b2b/tp_MyCompany.xml#CHANNEL_FLOioo-8599782124365660274" id="chnl_tCj-5349264131554876506"/>
         </DeliveryChannels>
      </RespondingParticipant>
      <AgrDocTypeParameterValues>
         <ParameterValue id="nw_param_val_xXZXcBn3642224740199862415" parameterRef="/soa/b2b/seed/protocol.xml#custom-param-validate" value="false"/>
         <ParameterValue id="nw_param_val_M-618528915745569222" parameterRef="/soa/b2b/seed/protocol.xml#custom-param-translate" value="false"/>
         <ParameterValue id="nw_param_val_Pc1886479716642166815" parameterRef="/soa/b2b/seed/protocol.xml#custom-param-isSyncRespAgreement" value="false"/>
      </AgrDocTypeParameterValues>
   </SupportedDocumentType>
</Agreement>
