<?xml version = '1.0' encoding = 'UTF-8'?>
<DocumentProtocol custom="true" id="doc_Custom" implementationClass="oracle.tip.b2b.document.custom.CustomDocumentPlugin" name="Custom" xmlns="http://xmlns.oracle.com/integration/b2b/profile">
   <DocumentProtocolVersion description="FTB" id="NewVersion-gx-4128160578713481670" name="1">
      <DocumentType id="NewDocumentType-eUAuPF5180814645038206351" name="PCARD">
         <DocumentDefinition customFileType="false" default="false" id="NewDefinition-KgjFz-3511739409367096874" modifiedTimestamp="2015-11-02T01:05:05.317-06:00" name="JPM_PCARD" useDefaultDefinition="true">
            <ParameterValue id="nw_param_val_CBQyg-1556513357508657843" parameterRef="/soa/b2b/seed/protocol.xml#custom-param-IdentificationExpression"/>
            <ParameterValue id="nw_param_val_CZIZ-1215083122253228508" parameterRef="/soa/b2b/seed/protocol.xml#custom-param-IdentificationExpressionValue"/>
            <ParameterValue id="nw_param_val_uaIX-1606891735329564405" parameterRef="/soa/b2b/seed/protocol.xml#custom-param-DTDXSDNamespaceConversion" value="None"/>
            <ParameterValue id="nw_param_val_ERyP-9066228259557579497" parameterRef="/soa/b2b/seed/protocol.xml#custom-param-IdentificationStartPosition"/>
            <ParameterValue id="nw_param_val_Vrb-6457284572963088753" parameterRef="/soa/b2b/seed/protocol.xml#custom-param-IdentificationEndPosition"/>
            <ParameterValue id="nw_param_val_Z6864000104775252662" parameterRef="/soa/b2b/seed/protocol.xml#custom-param-FlatIdentificationExpressionValue"/>
            <ParameterValue id="nw_param_val_A-1107603974733259820" parameterRef="/soa/b2b/seed/protocol.xml#custom-param-RegularExpression"/>
            <ParameterValue id="nw_param_val_FtXM475621200303408848" parameterRef="/soa/b2b/seed/protocol.xml#custom-param-RegularExpressionValue"/>
            <ParameterValue id="nw_param_val_H-6724833567632823819" parameterRef="/soa/b2b/seed/protocol.xml#custom-param-DocumentRoutingID"/>
            <ParameterValue id="nw_param_val_f-505839196068678224" parameterRef="/soa/b2b/seed/protocol.xml#custom-param-TPIdentifierType"/>
            <ParameterValue id="nw_param_val_J-308708573224322683" parameterRef="/soa/b2b/seed/protocol.xml#custom-param-ExtractionMethod" value="RegularExpression"/>
            <ParameterValue id="nw_param_val_RTlisfQ-1822032924532734930" parameterRef="/soa/b2b/seed/protocol.xml#custom-param-ExtractionValue"/>
            <ParameterValue id="nw_param_val_Fc2525085546689173153" parameterRef="/soa/b2b/seed/protocol.xml#common-param-XPathName1" value="XPathName1"/>
            <ParameterValue id="nw_param_val_lVZ-2843799274087112136" parameterRef="/soa/b2b/seed/protocol.xml#common-param-XPathExpression1"/>
            <ParameterValue id="nw_param_val_VRgZMw-6023540971474499719" parameterRef="/soa/b2b/seed/protocol.xml#common-param-XPathName2" value="XPathName2"/>
            <ParameterValue id="nw_param_val_K183222167614481077" parameterRef="/soa/b2b/seed/protocol.xml#common-param-XPathExpression2"/>
            <ParameterValue id="nw_param_val_zmRj8980764502985909169" parameterRef="/soa/b2b/seed/protocol.xml#common-param-XPathName3" value="XPathName3"/>
            <ParameterValue id="nw_param_val_eOkyZjJ7436943281471267582" parameterRef="/soa/b2b/seed/protocol.xml#common-param-XPathExpression3"/>
            <ParameterValue id="nw_param_val_bfcKTsg41429106583544056" parameterRef="/soa/b2b/seed/protocol.xml#common-param-CorrelationFromXPathName" value="CorrelationFromXPathName"/>
            <ParameterValue id="nw_param_val_KGKjh-1452589982529031556" parameterRef="/soa/b2b/seed/protocol.xml#common-param-CorrelationFromXPathXPR"/>
            <ParameterValue id="nw_param_val_A4919872869937873884" parameterRef="/soa/b2b/seed/protocol.xml#common-param-CorrelationToXPathName" value="CorrelationToXPathName"/>
            <ParameterValue id="nw_param_val_RddjYt3250377831655699502" parameterRef="/soa/b2b/seed/protocol.xml#common-param-CorrelationToXPathXPR"/>
            <ParameterValue id="nw_param_val_hjdj497850356938527186" parameterRef="/soa/b2b/seed/protocol.xml#common-param-Document"/>
            <ParameterValue id="nw_param_val_daauhC-9101551365902741734" parameterRef="/soa/b2b/seed/protocol.xml#common-param-Action"/>
            <ParameterValue id="nw_param_val_S-2101823212904396034" parameterRef="/soa/b2b/seed/protocol.xml#common-param-XSLTFile"/>
         </DocumentDefinition>
         <ParameterValue id="nw_param_val_pGP1353689686310659031" parameterRef="/soa/b2b/seed/protocol.xml#custom-param-ActionName"/>
         <ParameterValue id="nw_param_val_B4147799895015942417" parameterRef="/soa/b2b/seed/protocol.xml#custom-param-Service"/>
         <ParameterValue id="nw_param_val_zmr3200220504445873601" parameterRef="/soa/b2b/seed/protocol.xml#custom-param-ServiceType"/>
         <ParameterValue id="nw_param_val_v4367455478703996273" parameterRef="/soa/b2b/seed/protocol.xml#custom-param-FromRole"/>
         <ParameterValue id="nw_param_val_RNRIDjI-7463468166838756129" parameterRef="/soa/b2b/seed/protocol.xml#custom-param-ToRole"/>
         <ParameterValue id="nw_param_val_UFCkAg-6769837107633216120" parameterRef="/soa/b2b/seed/protocol.xml#custom-param-ValidateEBMSHeaders" value="false"/>
         <ParameterValue id="nw_param_val_iPIKrjA1267361863756419786" parameterRef="/soa/b2b/seed/protocol.xml#custom-param-cpa-file"/>
         <ParameterValue id="nw_param_val_l7382797589700101455" parameterRef="/soa/b2b/seed/protocol.xml#custom-param-actionservice"/>
         <ParameterValue id="nw_param_val_XGEQv-4102573731123681612" parameterRef="/soa/b2b/seed/protocol.xml#custom-param-CPA-binaryCollaboration"/>
         <ParameterValue id="nw_param_val_ayx-444022995127577390" parameterRef="/soa/b2b/seed/protocol.xml#custom-param-CPA-businessTransactionActivity"/>
         <ParameterValue id="nw_param_val_LgebYFG-403634524164301502" parameterRef="/soa/b2b/seed/protocol.xml#custom-param-CPA-timeToAcknowledgeAcceptance"/>
         <ParameterValue id="nw_param_val_mpU-2343649497880260396" parameterRef="/soa/b2b/seed/protocol.xml#custom-param-CPA-timeToPerform"/>
         <ParameterValue id="nw_param_val_a-5648401633277277016" parameterRef="/soa/b2b/seed/protocol.xml#custom-param-CPA-isIntelligibleCheckRequired"/>
         <ParameterValue id="nw_param_val_BLfP384734288011402988" parameterRef="/soa/b2b/seed/protocol.xml#custom-param-CPA-isAuthorizationRequired"/>
      </DocumentType>
      <ParameterValue id="nw_param_val_UpMX-4669658588359382920" parameterRef="/soa/b2b/seed/protocol.xml#custom-param-message_splitter"/>
   </DocumentProtocolVersion>
</DocumentProtocol>
