<?xml version = '1.0' encoding = 'UTF-8'?>
<TradingPartner hosted="true" id="tp_MyCompany" logoSO="/soa/b2b/seed/defaultSeededHostTpIcon.png" name="Nucor" version="12.1.3.0.0" xmlns="http://xmlns.oracle.com/integration/b2b/profile">
   <Identification id="ID1234" typeRef="/soa/b2b/types.xml#itype-Name" value="Nucor"/>
   <Identification id="Ide0A0D7D2C15070B12BD3000003F1FB010" typeRef="/soa/b2b/types.xml#itype-GroupIDQualifier" value="14"/>
   <Identification id="Ide0A0D7D2C15070B12BD5000003F1FB011" typeRef="/soa/b2b/types.xml#itype-GroupID" value="008254708GE"/>
   <Identification id="Ide0A0D7D2C15070B12BD6000003F1FB012" typeRef="/soa/b2b/types.xml#itype-GroupID" value="Nucor"/>
   <Identification id="Ide0A0D7D2C15070B12BD7000003F1FB013" typeRef="/soa/b2b/types.xml#itype-GroupIDQualifier" value="AS1"/>
   <DeliveryChannel ackMode="None" active="false" channelTypeRef="/soa/b2b/seed/channeltypes.xml#nlc" compressed="false" id="CHANNEL_uAHJOBf-5349917632963681160" internal="true" listening="false" name="JPMBankNCFWI_Nucor_PCARD_EBSDEV" responseMode="None" useGenericWSDL="false">
      <ExchangeProtocolRef exchangeProtocolRef="/soa/b2b/seed/protocol.xml#Generic-SFTP" id="EXCHG_PROTOCOL_REF_oFOedIQ7076660259614717672">
         <ParameterValue id="nw_param_val_l7168185620138000098" parameterRef="/soa/b2b/seed/protocol.xml#gsftp-param-Identify-TP-by-delivery-channel" value="false"/>
      </ExchangeProtocolRef>
      <TransportProtocolRef id="TRANSPORT_PROTOCOL_REF_FKOgwL-7665296226117664573" transportProtocolRef="/soa/b2b/seed/protocol.xml#SFTP">
         <ParameterValue id="nw_param_val_r-1204830756121875985" parameterRef="/soa/b2b/seed/protocol.xml#sftp-param-host" value="brmkea210.bar.nucorsteel.local"/>
         <ParameterValue id="nw_param_val_eQKurB-7875446099389271753" parameterRef="/soa/b2b/seed/protocol.xml#sftp-param-port" value="22"/>
         <ParameterValue id="nw_param_val_hN1879203833751360608" parameterRef="/soa/b2b/seed/protocol.xml#sftp-param-polling_interval" value="5"/>
         <ParameterValue id="nw_param_val_S1232771888429313397" parameterRef="/soa/b2b/seed/protocol.xml#sftp-param-folder" value="/ebs/inbound/NCFWI/PCARD"/>
         <ParameterValue id="nw_param_val_D164481019523212127" parameterRef="/soa/b2b/seed/protocol.xml#sftp-param-user" value="soasftp"/>
         <ParameterValue id="nw_param_val_FrncU7222967668872721223" parameterRef="/soa/b2b/seed/protocol.xml#sftp-param-password"/>
         <ParameterValue id="nw_param_val_KeEQoW-137598372941477529" parameterRef="/soa/b2b/seed/protocol.xml#sftp-param-private_key" value="/home/oracle/.ssh/id_rsa"/>
         <ParameterValue id="nw_param_val_FHlK-2332944244132198266" parameterRef="/soa/b2b/seed/protocol.xml#sftp-param-pass_phrase"/>
         <ParameterValue id="nw_param_val_NB1896960008060981740" parameterRef="/soa/b2b/seed/protocol.xml#sftp-param-use_proxy" value="false"/>
         <ParameterValue id="nw_param_val_KOzq-4043405536811960127" parameterRef="/soa/b2b/seed/protocol.xml#sftp-param-proxy_host"/>
         <ParameterValue id="nw_param_val_RYHBz2995370092470795411" parameterRef="/soa/b2b/seed/protocol.xml#sftp-param-proxy_port"/>
         <ParameterValue id="nw_param_val_h5762933961825883062" parameterRef="/soa/b2b/seed/protocol.xml#sftp-param-proxy_user"/>
         <ParameterValue id="nw_param_val_wYIngW-4010977791794620727" parameterRef="/soa/b2b/seed/protocol.xml#sftp-param-proxy_password"/>
         <ParameterValue id="nw_param_val_JOWLYb3808365875524391996" parameterRef="/soa/b2b/seed/protocol.xml#sftp-param-MinimumAge"/>
         <ParameterValue id="nw_param_val_Yk2569872124566509079" parameterRef="/soa/b2b/seed/protocol.xml#sftp-param-archive_dir"/>
         <ParameterValue id="nw_param_val_XLqmjbi-824627197838850877" parameterRef="/soa/b2b/seed/protocol.xml#sftp-param-preserve_filename" value="true"/>
         <ParameterValue id="nw_param_val_knjpdYb-103125807578785568" parameterRef="/soa/b2b/seed/protocol.xml#sftp-param-marker" value="false"/>
         <ParameterValue id="nw_param_val_WwV8058104478669178688" parameterRef="/soa/b2b/seed/protocol.xml#sftp-param-Sequencing" value="false"/>
         <ParameterValue id="nw_param_val_cFk-2584154530121379701" parameterRef="/soa/b2b/seed/protocol.xml#sftp-param-copy_contents" value="false"/>
         <ParameterValue id="nw_param_val_npQUxP8086312804189799900" parameterRef="/soa/b2b/seed/protocol.xml#sftp-param-filename_format"/>
         <ParameterValue id="nw_param_val_T8315730427318387411" parameterRef="/soa/b2b/seed/protocol.xml#sftp-param-directoryname_format"/>
         <ParameterValue id="nw_param_val_XyUwzf1358503171298859411" parameterRef="/soa/b2b/seed/protocol.xml#sftp-param-filename_separator"/>
         <ParameterValue id="nw_param_val_zTOrXT6834548236778586840" parameterRef="/soa/b2b/seed/protocol.xml#sftp-param-is_binary" value="false"/>
         <ParameterValue id="nw_param_val_VXWqet1475540471875150848" parameterRef="/soa/b2b/seed/protocol.xml#sftp-param-tp_profile_name"/>
      </TransportProtocolRef>
      <DigitalSecurity ackSigned="false" id="DIGITAL_SECURITY_ypnBe-591374851660332184" messageEncrypted="false" messageSigned="false" transportSecured="false"/>
   </DeliveryChannel>
   <SupportedDocumentDefinition docDefName="JPM_PCARD" docProtocolName="Custom" docProtocolVersion="1" docTypeName="PCARD" documentDefinitionRef="/soa/b2b/doc_Custom.xml#NewDefinition-KgjFz-3511739409367096874" id="SUPPORTED_DEFINITION_CUUYu4780204704568200933_1" initiator="false"/>
</TradingPartner>
