<?xml version='1.0' encoding='UTF-8'?>
<Agreement agreementId="JPMBank_Nucor_NCFWI_PCARD_1_001" id="tpa_E2378588462783432044" name="JPMBank_Nucor_NCFWI_PCARD_1_001" xmlns="http://xmlns.oracle.com/integration/b2b/profile">
   <SupportedDocumentType docDefName="JPM_PCARD" docProtocolName="Custom" docProtocolVersion="1" docTypeName="PCARD" documentDefinitionRef="/soa/b2b/doc_Custom.xml#NewDefinition-KgjFz-3511739409367096874" id="docdef_X3607313249264084254">
      <InitiatingParticipant id="par_j-3693512258309970390" supportedDocumentDefinitionRef="/soa/b2b/tp_f-8899745264392681080.xml#SUPPORTED_DEFINITION_Ac-4733601622311904892_0" tradingPartnerRef="/soa/b2b/tp_f-8899745264392681080.xml#tp_f-8899745264392681080">
         <Identifications>
            <IdentificationRef id="idn_qfZ6616658625546109305" identificationRef="/soa/b2b/tp_f-8899745264392681080.xml#tpIden_pxT-6641809618646929093" type="Name" value="JPMBankNCFWI"/>
         </Identifications>
         <DeliveryChannels/>
      </InitiatingParticipant>
      <RespondingParticipant id="par_P-5412133144379645945" supportedDocumentDefinitionRef="/soa/b2b/tp_MyCompany.xml#SUPPORTED_DEFINITION_CUUYu4780204704568200933_1" tradingPartnerRef="/soa/b2b/tp_MyCompany.xml#tp_MyCompany">
         <Identifications>
            <IdentificationRef id="idn_cCFPxj8537379449017310194" identificationRef="/soa/b2b/tp_MyCompany.xml#ID1234" type="Name" value="Nucor"/>
         </Identifications>
         <DeliveryChannels>
            <DeliveryChannelRef deliveryChannelRef="/soa/b2b/tp_MyCompany.xml#CHANNEL_uAHJOBf-5349917632963681160" id="chnl_dSiE7990714885725325878"/>
         </DeliveryChannels>
      </RespondingParticipant>
      <AgrDocTypeParameterValues>
         <ParameterValue id="nw_param_val_NxCXgQ-3081229063419672385" parameterRef="/soa/b2b/seed/protocol.xml#custom-param-validate" value="false"/>
         <ParameterValue id="nw_param_val_bFyqip-7847708598246241068" parameterRef="/soa/b2b/seed/protocol.xml#custom-param-translate" value="false"/>
         <ParameterValue id="nw_param_val_ikRQETe-1891094960652000870" parameterRef="/soa/b2b/seed/protocol.xml#custom-param-isSyncRespAgreement" value="false"/>
      </AgrDocTypeParameterValues>
   </SupportedDocumentType>
</Agreement>
